Sample,Toploader,"n
(cm-2)","μ_xx
(cm^2/Vs)","μ_yy
(cm^2/Vs)",Average μ (cm^2/Vs),mean free path (nm),notes
JS,,,,,#DIV/0!,#DIV/0!,
JS,,,,,#DIV/0!,#DIV/0!,
JS,,,,,#DIV/0!,#DIV/0!,
JS1070,,6.19E+11,1.15E+04,2.00E+04,1.58E+04,204,
,,,,,,,
JS1068,,8.10E+11,3.83E+04,2.24E+04,3.04E+04,451,
,,,,,,,
JS1066,,8.15E+11,2.07E+04,2.22E+04,2.15E+04,320,
JS1065,,6.65E+11,1.60E+04,1.41E+04,1.51E+04,203,
,,,,,,,
JS1062,,7.89E+11,2.15E+04,2.29E+04,2.22E+04,325,
JS1061,,7.24E+11,2.52E+04,6.92E+03,1.61E+04,225,
JS1059,,9.73E+11,4.89E+03,5.45E+03,5.17E+03,84,
JS1058,,6.87E+11,2.44E+04,1.08E+04,1.76E+04,241,
,,,,,,,
JS1056,,1.30E+12,4.01E+04,2.29E+04,3.15E+04,593,
JS1053J,,,,,#DIV/0!,#DIV/0!,
JS1052J,,,,,#DIV/0!,#DIV/0!,
JS1051J,,8.27E+11,5.50E+04,8.93E+03,3.20E+04,480,
JS1050J,,9.34E+11,1.37E+04,1.10E+04,1.24E+04,197,
JS1049 (was mislabeled as 1047),,9.54E+11,1.16E+04,4.00E+04,2.58E+04,416,
JS1048,,9.37E+11,5.00E+04,9.19E+03,2.96E+04,473,
,,,,,,,
JS1046 (bad),,-,-,-,#DIV/0!,#DIV/0!,
JS1044 (bad),,,,,#DIV/0!,#DIV/0!,
JS1043,,,,,#DIV/0!,#DIV/0!,
JS1042,,,,,#DIV/0!,#DIV/0!,
JS1041,,6.76E+11,1.18E+04,5.31E+03,8.56E+03,116,
JS1040,,1.24E+12,4.68E+02,2.36E+02,3.52E+02,6,
JS1039,,,,,#DIV/0!,#DIV/0!,
JS1038,,1.32E+12,5.67E+03,3.72E+03,4.70E+03,89,
JS1037,,9.99E+11,4.04E+03,2.10E+03,3.07E+03,51,
JS1035,,,,,#DIV/0!,#DIV/0!,
JS1032J,,,,,#DIV/0!,#DIV/0!,
JS1030,,,,,#DIV/0!,#DIV/0!,
JS1029,,,,,#DIV/0!,#DIV/0!,
JS1028 (bad),,-,-,-,#DIV/0!,#DIV/0!,
JS1027,,,,,#DIV/0!,#DIV/0!,
JS1024,,,,,#DIV/0!,#DIV/0!,
JS1023,,,,,#DIV/0!,#DIV/0!,
JS1021J,,,,,#DIV/0!,#DIV/0!,
,,,,,#DIV/0!,#DIV/0!,
JS1015J,,8.33E+11,-,1.76E+02,1.76E+02,3,
JS1012J,,-,-,-,#DIV/0!,#DIV/0!,
JS1011J,,3.13E+11,1.30E+03,-,1.30E+03,12,
JS1010J,,2.46E+12,5.23E+00,4.66E+00,4.95E+00,0,
JS1009J,,3.48E+15,6.57E+02,6.94E+02,6.76E+02,658,This data isn't real smh
JS1008J,,-2.78E+12,2.84E+02,-1.43E+02,7.05E+01,#NUM!,
JS1007J,,6.04E+11,7.02E+02,1.32E+04,6.95E+03,89,
JS1006J,,1.64E+12,2.41E+04,3.79E+03,1.39E+04,295,
1005J,,9.34E+12,2.76E+03,1.34E+03,2.05E+03,103,
1004,,1.41E+12,8.64E+03,5.37E+03,7.01E+03,137,
1002J,,1.29E+11,1.43E+02,1.91E+02,1.67E+02,1,
1001J,,1.85E+12,3.23E+04,4.49E+03,1.84E+04,413,
1000J,,8.29E+11,6.64E+03,3.53E+03,5.09E+03,76,
999,,,,,,,
998,,,,,,,
997,,,,,,,
996,,,,,,,
995,,,,,,,
994,,,,,,,
993,,7.88E+11,1.55E+03,3.53E+02,9.52E+02,14,
992,,-2.02E+11,1.08E+03,-8.22E+01,4.99E+02,#NUM!,
991,,,,,,,
990,,,,,,,
989,,,,,,,
987,,,,,,,
986,,,,,,,
985,,,,,,,
984,,5.38E+11,5.15E+04,3.88E+04,4.52E+04,546,
983,,5.21E+12,1.08E+03,1.55E+03,1.32E+03,50,
982,,2.64E+11,2.83E+03,3.62E+03,3.23E+03,27,
JS981J,,8.16E+11,1.61E+04,1.68E+04,1.65E+04,245,
JS980J,,9.56E+11,1.09E+04,8.47E+03,9.69E+03,156,
JS979J,,1.11E+12,8.74E+03,2.24E+04,1.56E+04,271,
978,,8.64E+12,-3.85E+02,3.68E+03,1.65E+03,80,
JS977J,,1.37E+12,7.04E+03,2.50E+04,1.60E+04,309,
JS976J,,1.27E+12,1.74E+04,1.34E+04,1.54E+04,286,
JS975,,1.32E+12,2.30E+04,1.15E+04,1.73E+04,327,
JS974J,,1.40E+12,8.46E+03,1.96E+04,1.40E+04,274,
JS973J,,7.66E+11,3.00E+04,6.85E+03,1.84E+04,266,
JS972J,,1.94E+12,1.70E+03,2.24E+03,1.97E+03,45,
JS971J,,5.91E+11,3.68E+04,2.01E+04,2.85E+04,361,
JS970J,,1.07E+12,7.92E+03,2.52E+04,1.66E+04,283,
JS969J,,1.80E+12,1.17E+04,3.81E+03,7.76E+03,172,
JS968,,4.05E+11,4.99E+03,4.80E+03,4.90E+03,51,
JS967J,,9.76E+11,1.30E+04,1.71E+04,1.51E+04,245,
JS966,,4.98E+12,1.83E+03,1.84E+03,1.84E+03,68,re-growth on JS964
JS965J,,7.87E+11,1.19E+04,1.08E+04,1.14E+04,166,
JS964,,8.99E+11,5.76E+03,1.27E+04,9.23E+03,144,-
JS963J,,3.33E+12,5.22E+03,6.86E+02,2.95E+03,89,re-growth on JS962J
JS962J,,1.62E+11,1.27E+02,2.15E+02,1.71E+02,1,
JS961J,,,,,,,
JS960J,,-7.34E+12,-1.86E+01,-2.01E+01,-1.94E+01,#NUM!,
JS959J,,7.34E+11,7.33E+04,9.21E+03,4.13E+04,583,
JS958,,2.78E+11,2.66E+02,1.47E+03,8.68E+02,8,
JS957,,3.88E+11,1.83E+03,2.93E+03,2.38E+03,24,
JS956,,4.10E+11,8.16E+03,1.26E+04,1.04E+04,110,
JS955,,9.80E+11,3.02E+04,1.01E+04,2.02E+04,329,
JS954,,5.48E+11,6.28E+03,6.89E+03,6.59E+03,80,
JS953,,9.99E+11,8.98E+03,1.85E+04,1.37E+04,227,
JS952,,5.27E+11,9.82E+03,1.16E+04,1.07E+04,128,
JS950,,4.79E+12,1.98E+03,3.37E+03,2.68E+03,97,
JS949_center,,1.04E+12,5.99E+04,3.92E+03,3.19E+04,537,
JS949_north,,4.07E+11,9.16E+02,7.10E+02,8.13E+02,9,
JS948,,9.85E+11,3.59E+04,2.26E+03,1.91E+04,312,
JS947 (edge),,2.05E+12,1.20E+04,6.41E+03,9.21E+03,217,
JS946 (edge),,1.65E+12,1.61E+04,4.71E+03,1.04E+04,221,
JS946 (center),,1.46E+12,8.74E+03,7.22E+03,7.98E+03,159,
JS944 (edge),,1.82E+12,8.42E+02,6.72E+03,3.78E+03,84,
JS944 (center),,2.22E+12,7.82E+03,7.91E+03,7.87E+03,193,
JS942,,9.93E+12,6.44E+03,2.84E+03,4.64E+03,241,
JS941,,3.27E+12,5.63E+03,4.43E+03,5.03E+03,150,
JS940,,4.41E+12,3.36E+03,4.57E+03,3.97E+03,137,
JS938,,5.76E+12,5.74E+03,1.91E+03,3.83E+03,151,
JS937,,4.65E+12,3.71E+03,3.40E+03,3.56E+03,126,
JS934,,1.13E+13,6.12E+03,1.59E+03,3.86E+03,214,
JS932,,1.47E+13,4.60E+03,1.94E+03,3.27E+03,207,
JS930,,1.55E+13,1.31E+03,4.40E+03,2.86E+03,185,
JS928J,,,,,,,Pin failed while loading
JS922J,,1.39E+13,9.20E+02,2.08E+03,1.50E+03,92,
JS913J,,1.13E+12,4.09E+03,4.99E+03,4.54E+03,80,
JS912J,,9.41E+11,4.63E+03,6.01E+03,5.32E+03,85,
JS911J,,8.53E+11,1.81E+04,5.62E+03,1.19E+04,181,
JS906J,,2.19E+12,3.95E+01,1.22E+02,8.08E+01,2,
JS905J,,5.33E+11,3.01E+03,4.20E+02,1.72E+03,21,
JS903J,,5.02E+11,4.04E+03,3.59E+04,2.00E+04,233,
JS874J,,6.57E+11,1.88E+04,6.29E+03,1.25E+04,168,
JS872J,,6.99E+11,1.21E+04,2.01E+04,1.61E+04,222,
JS871J,,4.58E+11,4.44E+03,2.85E+03,3.65E+03,41,
JS870J,,7.91E+11,9.51E+03,1.59E+04,1.27E+04,186,
JS868J,,7.33E+11,1.43E+04,1.93E+04,1.68E+04,237,
JS867J,,7.74E+11,2.02E+04,3.80E+03,1.20E+04,174,
JS865J,,2.08E+12,4.71E+03,7.18E+03,5.95E+03,141,
JS863J,,7.21E+11,2.95E+04,9.31E+03,1.94E+04,272,
JS862 (overgrowth),,3.95E+12,7.50E+02,8.00E+02,7.75E+02,25,
JS860J,,7.94E+11,7.03E+03,1.80E+04,1.25E+04,184,
JS859J,,4.27E+12,1.46E+03,6.27E+03,3.87E+03,132,
JS858J,,1.27E+12,6.69E+03,2.34E+04,1.50E+04,280,
JS857J,,1.47E+12,2.11E+04,9.27E+02,1.10E+04,220,
JS856J - should redo,,,,,,,
JS855J - should redo,,,,,,,
JS856J new,,8.79E+11,-2.48E+05,2.37E+02,-1.24E+05,-1916,???
JS855J new,,2.31E+12,1.46E+03,7.03E+02,1.08E+03,27,
JS854J,,3.83E+12,4.12E+03,4.78E+03,4.45E+03,144,
JS853J,,2.65E+12,4.58E+03,6.26E+03,5.42E+03,146,
JS851,,1.45E+12,8.92E+03,8.86E+03,8.89E+03,177,
JS850,,1.37E+12,7.05E+03,8.89E+03,7.97E+03,154,
JS849J,,3.74E+12,5.95E+04,1.09E+03,3.03E+04,967,
JS848,,3.51E+12,8.35E+03,3.26E+03,5.81E+03,179,
JS847,,1.15E+14,1.70E+00,6.65E-01,1.18E+00,0,
JS846J,,1.01E+12,1.85E+03,8.96E+03,5.41E+03,90,
JS845J,,1.37E+12,3.13E+04,1.56E+03,1.64E+04,317,
JS844J,,1.18E+12,1.30E+04,7.51E+03,1.03E+04,184,
JS843J,,1.55E+12,7.38E+03,1.97E+04,1.35E+04,278,
JS842J,,8.67E+11,7.55E+03,5.89E+03,6.72E+03,103,
JS841J,,6.25E+11,1.64E+04,8.20E+03,1.23E+04,160,
JS840J,,7.88E+11,6.18E+03,6.87E+04,3.74E+04,548,
JS839J (edge),,7.78E+11,1.97E+03,4.53E+04,2.36E+04,344,
JS839J (center),,1.15E+12,4.19E+03,7.86E+03,6.03E+03,107,
JS838,,5.78E+12,7.71E+02,2.03E+03,1.40E+03,56,
JS837,,5.41E+11,3.17E+04,9.21E+03,2.05E+04,248,
JS836J,,1.09E+12,1.35E+04,8.64E+03,1.11E+04,191,
JS835,,8.15E+11,1.28E+04,1.94E+04,1.61E+04,240,
JS834J,,1.14E+12,1.03E+04,1.64E+04,1.34E+04,235,
JS833J,,1.11E+12,2.89E+04,8.33E+03,1.86E+04,324,
JS832,,1.35E+12,8.90E+03,1.66E+04,1.28E+04,244,
JS831,,1.07E+12,4.11E+04,6.78E+03,2.39E+04,409,
JS830,,1.07E+12,1.48E+04,1.69E+04,1.59E+04,271,
JS829,,1.05E+12,2.48E+04,1.06E+04,1.77E+04,299,
JS828,,9.65E+11,8.07E+03,2.26E+04,1.53E+04,249,
JS827,,4.12E+12,3.80E+03,1.23E+04,8.05E+03,270,
JS826,,6.76E+11,1.35E+04,1.36E+04,1.36E+04,184,
JS825,,7.19E+11,1.23E+04,1.56E+04,1.40E+04,195,0
JS824,,1.49E+12,2.23E+04,6.92E+03,1.46E+04,294,
JS819,,2.02E+12,1.30E+04,9.06E+03,1.10E+04,259,
JS818,,8.48E+11,1.30E+03,3.65E+02,8.33E+02,13,
JS817,,4.31E+11,1.82E+02,1.89E+02,1.86E+02,2,
JS812,,1.05E+14,5.51E+00,2.09E+01,1.32E+01,2,
JS811J,,6.36E+11,2.53E+02,3.16E+03,1.71E+03,22,
JS809J,,4.20E+11,1.68E+04,2.50E+04,2.09E+04,223,
JS808J,,6.78E+11,1.84E+04,7.14E+04,4.49E+04,610,
JS807J,,8.63E+11,3.65E+04,2.37E+04,3.01E+04,461,
JS806J,,2.63E+12,3.90E+04,2.01E+04,2.96E+04,791,
JS805J,,1.44E+12,1.57E+04,2.45E+04,2.01E+04,398,
JS803,,7.68E+11,7.95E+03,5.05E+04,2.92E+04,423,
JS801,,8.34E+11,3.36E+04,1.38E+04,2.37E+04,357,
JS800,,1.43E+12,3.09E+04,8.66E+03,1.98E+04,390,
JS798,,1.59E+12,1.53E+04,1.96E+04,1.75E+04,363,
JS797,,1.77E+12,1.24E+03,2.11E+03,1.68E+03,37,
JS796,,1.75E+12,1.34E+04,2.84E+04,2.09E+04,456,
JS795,,8.87E+11,3.31E+03,1.31E+04,8.21E+03,128,
JS794,,5.51E+11,6.00E+03,1.12E+04,8.60E+03,105,
JS793,,6.01E+11,1.79E+04,3.02E+03,1.05E+04,134,
JS792,,5.61E+12,8.29E+02,1.36E+04,7.21E+03,282,
JS791,,1.18E+12,3.52E+03,4.40E+01,1.78E+03,32,
JS790,,3.21E+11,7.46E+02,4.33E+04,2.20E+04,206,
JS790,,5.88E+11,1.92E+04,4.22E+02,9.81E+03,124,
JS787,,9.44E+11,3.12E+04,1.07E+04,2.10E+04,336,
JS786,,9.91E+11,1.02E+04,3.63E+04,2.33E+04,382,
JS785,,1.05E+12,3.41E+04,9.70E+03,2.19E+04,370,
JS784,,1.04E+12,1.25E+04,2.11E+04,1.68E+04,283,
JS782,,1.43E+12,8.90E+03,3.55E+04,2.22E+04,438,
JS781,,1.81E+12,1.09E+04,1.52E+04,1.31E+04,290,
JS780,,2.10E+12,1.69E+04,1.35E+04,1.52E+04,363,
JS779,,2.05E+12,2.07E+04,1.25E+04,1.66E+04,392,
JS778,,1.99E+12,9.62E+03,1.68E+04,1.32E+04,307,
JS777,,1.64E+12,8.09E+03,1.45E+04,1.13E+04,239,
JS776,,2.71E+12,5.41E+03,1.16E+04,8.51E+03,231,
JS775,,4.09E+12,5.41E+03,7.80E+03,6.61E+03,220,
JS774,,7.19E+11,5.37E+02,1.73E+03,1.13E+03,16,
JS773,,-1.21E+13,-8.43E+00,-7.64ee0,-8.43E+00,#NUM!,
JS771,,7.99E+11,3.23E+02,1.52E+02,2.38E+02,4,
JS770,,1.91E+12,1.84E+03,5.29E+02,1.18E+03,27,
JS769,,1.21E+11,1.06E+03,3.14E+01,5.46E+02,3,
JS754,,1.81E+12,3.43E+03,4.58E+03,4.01E+03,89,
JS753,,1.54E+12,4.21E+03,4.75E+03,4.48E+03,92,
JS752,,1.24E+12,5.45E+03,6.07E+02,3.03E+03,56,
JS751,,,,,#DIV/0!,#DIV/0!,
JS750,,,,,#DIV/0!,#DIV/0!,
JS749,,,,,#DIV/0!,#DIV/0!,
JS748,,,,,#DIV/0!,#DIV/0!,
JS747,,,,,#DIV/0!,#DIV/0!,
JS746,,,,,#DIV/0!,#DIV/0!,
JS745,,,,,#DIV/0!,#DIV/0!,
JS744,,,,,#DIV/0!,#DIV/0!,
JS743,,,,,#DIV/0!,#DIV/0!,
JS742,,,,,#DIV/0!,#DIV/0!,
JS741,,,,,#DIV/0!,#DIV/0!,
JS740,,,,,#DIV/0!,#DIV/0!,
JS739,,,,,#DIV/0!,#DIV/0!,
JS738,,,,,#DIV/0!,#DIV/0!,
JS737,,,,,#DIV/0!,#DIV/0!,
JS736,,,,,#DIV/0!,#DIV/0!,
JS735,,,,,#DIV/0!,#DIV/0!,
JS734,,,,,#DIV/0!,#DIV/0!,
JS733,,,,,#DIV/0!,#DIV/0!,
JS732,,3.19E+11,-5.32E+03,2.78E+02,-2.52E+03,-23,
JS731,N/A,,,,,,
JS730,N/A,,,,,,
JS729,,5.42E+11,1.48E+03,7.30E+03,4.39E+03,53,
JS728,n/a,,,,,,
JS727,,3.27E+13,8.88E+02,6.94E+02,7.91E+02,75,
JS726,,-5.92E+12,5.92E+02,-9.37E+01,2.49E+02,#NUM!,
JS725,,9.64E+12,-5.14E+02,-2.46E+03,-1.49E+03,-76,
JS724,n/a,,,,,,
JS723,n/a,,,,,,
JS722,,5.02E+12,4.52E+03,1.21E+03,2.87E+03,106,
JS721,,5.46E+12,1.79E+03,3.48E+06,1.74E+06,67120,
JS720,n/a,,,,,,
JS719,,5.38E+11,7.00E+02,2.36E+03,1.53E+03,19,
JS718,,2.77E+12,3.32E+03,2.82+03,3.32E+03,91,
JS717,,5.99E+11,2.31E+03,1.51E+03,1.91E+03,24,
JS716,,9.71E+11,3.52E+04,5.69E+03,2.04E+04,332,
JS715,,6.17E+11,4.04E+02,1.93E+03,1.93E+03,25,
JS714,,4.04E+12,8.37E+03,1.12E+03,4.75E+03,157,
JS713,,8.67E+11,3.79E+04,5.79E+03,2.18E+04,336,
JS712,,9.14E+11,5.48E+04,4.32E+03,2.96E+04,466,
JS711,,1.00E+12,8.97E+03,1.85E+04,1.37E+04,227,
JS710,,5.17E+11,6.64E+03,1.83E+04,1.25E+04,148,
JS709,,9.95E+11,1.30E+04,9.22E+03,1.11E+04,183,
JS708,,7.91E+11,6.66E+03,1.38E+03,4.02E+03,59,
JS707,,8.38E+11,7.34E+03,1.48E+04,1.11E+04,167,
JS706,,1.16E+12,8.36E+03,2.08E+04,1.46E+04,259,
JS705,,7.79E+11,2.22E+04,1.35E+04,1.79E+04,260,
JS704,,4.30E+11,5.35E+03,1.04E+04,7.88E+03,85,
JS703,,6.65E+11,2.57E+04,1.02E+04,1.80E+04,242,
JS702,,6.46E+11,2.19E+04,1.05E+04,1.62E+04,215,
JS701,,5.96E+11,7.37E+03,4.06E+04,2.40E+04,306,
JS700,,4.36E+11,9.78E+03,9.68E+03,9.73E+03,106,
JS699,,5.33E+11,4.76E+03,2.05E+04,1.26E+04,152,
JS698,,1.19E+12,5.50E+03,5.50E+03,5.50E+03,9.90E+01,
JS697,,6.97E+11,1.08E+04,2.23E+04,1.66E+04,2.28E+02,
JS696,,6.10E+11,9.34E+03,1.53E+04,1.23E+04,1.59E+02,
JS695,,5.86E+11,3.66E+04,5.39E+03,2.10E+04,2.65E+02,
JS694,,6.84E+11,2.90E+04,7.71E+03,1.84E+04,2.50E+02,
JS693,?,?,?,?,?,?,
JS692,,2.75E+11,5.91E+03,3.21E+02,3.12E+03,2.70E+01,
JS691,,3.03E+11,2.94E+04,2.94E+04,2.94E+04,2.67E+02,
JS690,,3.38E+11,4.95E+03,3.57E+03,4.26E+03,4.09E+01,
JS689,,1.19E+12,5.50E+03,5.50E+03,5.50E+03,9.90E+01,
JS688,,1.20E+12,7.13E+03,2.53E+04,1.62E+04,2.93E+02,
JS687,,1.60E+12,1.22E+04,9.48E+03,1.08E+04,2.26E+02,
JS686,,7.13E+11,4.88E+03,1.61E+03,3.25E+03,4.52E+01,
JS685,,1.75E+12,6.69E+02,1.14E+02,3.92E+02,8.55E+00,
JS684,,-6.52E+10,-1.48E+02,-2.83E+02,-2.16E+02,#NUM!,
JS683,,9.08E+11,2.54E+02,8.45E+02,5.50E+02,8.64E+00,
JS682,,1.16E+12,6.01E+03,1.03E+04,8.16E+03,1.45E+02,
JS681,,8.17E+11,5.25E+03,3.51E+03,4.38E+03,6.53E+01,
JS680,,5.13E+11,1.62E+03,3.21E+03,2.42E+03,2.85E+01,
JS679,,1.08E+12,2.65E+04,4.48E+03,1.55E+04,2.66E+02,
JS678,,1.12E+12,5.75E+03,5.25+03,5.75E+03,1.00E+02,
JS677,,9.59E+11,7.60E+03,3.22E+03,5.41E+03,8.74E+01,
JS676,,1.15E+12,2.07E+03,7.86+03,2.07E+03,3.66E+01,
JS675,,1.36E+12,3.26E+03,1.50E+04,9.13E+03,1.76E+02,
JS674,,1.14E+12,1.54E+04,5.93E+03,1.07E+04,1.88E+02,
JS673,,1.19E+12,2.06E+04,5.28E+03,1.29E+04,2.33E+02,
JS672,,9.56E+11,1.33E+03,1.41E+05,7.12E+04,1.15E+03,
JS671,,5.98E+11,1.37E+03,1.40E+04,7.69E+03,9.81E+01,
JS670,,9.00E+11,2.98E+03,1.44E+04,8.69E+03,1.36E+02,
JS669,,1.82E+12,2.07E+03,4.47E+03,3.27E+03,7.28E+01,
JS668,,3.53E+12,1.46E+03,1.57E+03,1.52E+03,4.70E+01,
JS667,,-2.43E+14,7.01E+00,7.01E+00,7.01E+00,#NUM!,
JS666,,-4.03E+13,-6.52E+02,-6.52E+02,-6.52E+02,#NUM!,
JS665,?,?,?,?,?,?,
JS664,?,?,?,?,?,?,
JS663,,1.09E+11,3.40E+01,3.40E+01,3.40E+01,1.85E-01,
JS662,,1.91E+14,1.65E+02,1.65E+02,1.65E+02,3.76E+01,
JS661,?,?,?,?,?,?,
JS660,?,?,?,?,?,?,
JS659,?,?,?,?,?,?,
JS658,?,?,?,?,?,?,
JS657,?,?,?,?,?,?,
JS656,?,?,?,?,?,?,
JS655,?,?,?,?,?,?,
JS654,,6.50E+12,6.66E+02,3.47E+03,2.07E+03,8.70E+01,
JS653,,1.33E+13,3.88E+02,8.36E+03,4.37E+03,2.63E+02,
JS652,?,?,?,?,?,?,
JS651,,9.53E+11,2.40E+03,1.27E+03,1.84E+03,2.96E+01,
JS650,,1.33E+12,3.57E+03,3.57E+03,3.57E+03,6.79E+01,
JS649,?,?,?,?,?,?,
JS648,?,?,?,?,?,?,
JS647,?,?,?,?,?,?,
JS646,?,?,?,?,?,?,
JS645,?,?,?,?,?,?,
JS644,?,?,?,?,?,?,
JS643,?,?,?,?,?,?,
JS642,?,?,?,?,?,?,
JS641,?,?,?,?,?,?,
JS640,?,?,?,?,?,?,
JS639,?,?,?,?,?,?,
JS638,?,?,?,?,?,?,
JS637,,1.09E+12,3.04E+03,4.97E+03,4.01E+03,6.90E+01,
JS636,?,?,?,?,?,?,
JS635,,7.26E+12,6.45E+03,5.89E+03,6.17E+03,2.74E+02,
JS634,,7.44E+11,6.89E+03,1.07E+04,8.80E+03,125,
JS633,,8.14E+11,6.81E+03,1.29E+04,9.86E+03,147,
JS632,,9.75E+11,1.39E+04,7.31E+03,1.06E+04,173,
JS631,,7.34E+11,9.09E+03,6.01E+03,7.55E+03,107,
JS630,,6.41E+11,4.13E+03,2.33E+03,3.23E+03,43,
JS629,,9.17E+11,7.21E+03,1.18E+04,9.51E+03,150,
JS628,,8.24E+11,1.27E+04,7.94E+03,1.03E+04,155,
JS627,,1.06E+12,1.21E+04,7.78E+03,9.94E+03,169,
JS626,,9.49E+11,1.03E+04,1.45E+04,1.24E+04,199,
JS625,not conducting,Not conducting ,Not conducting ,Not conducting ,Not conducting ,Not conducting ,
JS624,,9.20E+11,5.03E+03,1.22E+04,8.62E+03,136,
JS623,,1.16E+12,2.84E+03,3.83E+03,3.34E+03,59,
JS622,,2.06E+12,3.80E+03,1.87E+03,2.84E+03,67,
JS621,,1.77E+12,2.67E+03,4.74E+03,3.71E+03,81,
JS620,,3.16E+12,1.42E+03,2.42E+03,1.92E+03,56,2-pt room temp R: 1.5 kOhm
JS619,,1.16E+12,3.72E+03,2.30E+03,3.01E+03,53,2-pt room temp R: 2 kOhm
JS618,not conducting,Not conducting ,Not conducting ,Not conducting ,Not conducting ,Not conducting ,2-pt room temp R: 100 kOhm
JS617,,1.78E+12,1.08E+04,9.53E+03,1.02E+04,224,2-pt room temp R: 1 kOhm
JS616,not conducting,Not conducting ,Not conducting ,Not conducting ,Not conducting ,Not conducting ,2-pt room temp R: 70 kOhm
JS615,not conducting,Not conducting ,Not conducting ,Not conducting ,Not conducting ,Not conducting ,2-pt room temp R: 10 kOhm
JS614,,3.76E+11,1.86E+03,3.56E+03,2.71E+03,27,2-pt room temp R: 10 kOhm
JS612,not conducting,Not conducting ,Not conducting ,Not conducting ,Not conducting ,Not conducting ,
JS611,not conducting,Not conducting ,Not conducting ,Not conducting ,Not conducting ,Not conducting ,
JS610,not conducting,Not conducting ,Not conducting ,Not conducting ,Not conducting ,Not conducting ,
JS609,not conducting,Not conducting ,Not conducting ,Not conducting ,Not conducting ,Not conducting ,
JS607,,6.43E+11,4.02E+04,3.15E+04,3.59E+04,474,
JS606,,5.50E+11,1.73E+04,2.91E+04,2.32E+04,284,
JS605,,4.62E+11,1.58E+04,2.01E+04 (measured at 0.5T),1.80E+04,201,
JS603,,2.48E+11,1.01E+03,5.32E+02,7.71E+02,6,
JS602,,8.66E+11,2.34E+04,2.33E+04,2.34E+04,359,
JS601,,4.94E+11,1.39E+04,9.38E+03,1.16E+04,135,
JS600,,4.30E+11,9.50E+03,1.07E+04,1.01E+04,109,
JS599,,9.19E+11,2.79E+04,2.01E+04,2.40E+04,380,
JS598,,9.84E+11,8.16E+03,1.58E+04,1.20E+04,196,
JS597,,7.81E+11,2.15E+04,2.70E+04,2.43E+04,354,
JS596,,6.85E+11,1.43E+04,2.57E+04,2.00E+04,273,
JS595,,5.97E+11,1.95E+04,1.83E+04,1.89E+04,241,
JS594,,5.70E+11,6.38E+03,1.97E+03,4.18E+03,52,
JS593,,8.14E+11,3.11E+04,2.00E+04,2.56E+04,380,
JS592,,1.29E+12,2.11E+03,1.58E+03,1.85E+03,35,
JS591,,1.56E+12,1.26E+04,1.36E+04,1.31E+04,270,
JS590,,1.69E+12,7.96E+03,7.36E+03,7.66E+03,164,
JS589,,2.96E+12,4.14E+03,4.44E+03,4.29E+03,122,
JS588,,3.56E+12,2.88E+03,4.06E+03,3.47E+03,108,
JS587,,2.05E+12,5.26E+03,2.99E+03,4.13E+03,97,
JS586,,Not conducting ,Not conducting ,Not conducting ,Not conducting ,Not conducting ,
JS585,,Not conducting ,Not conducting ,Not conducting ,Not conducting ,Not conducting ,
JS584,,4.11E+11,1.78E+03,4.00E+03,2.89E+03,31,
JS583,,4.18E+11,1.12E+03,3.56E+03,TBD,#VALUE!,
JS582,,3.35E+12,2.08E+03,1.65E+03,1.87E+03,56,
JS581,,8.80E+11,1.04E+04,6.03E+03,8.22E+03,127,
JS580,,1.49E+12,4.19E+03,5.01E+03,4.60E+03,93,
JS579,,Not conducting ,Not conducting ,Not conducting ,Not conducting ,Not conducting ,
JS578,,Not conducting ,Not conducting ,Not conducting ,Not conducting ,Not conducting ,
JS577,,Not conducting ,Not conducting ,Not conducting ,Not conducting ,Not conducting ,
JS576,,2.54E+11,1.92E+03,1.85E+03,1.89E+03,16,
JS575,,4.76E+11,3.52E+02,2.54E+02,3.03E+02,3,
JS574,,Not conducting ,Not conducting ,Not conducting ,Not conducting ,Not conducting ,
JS573,,1.11E+12,2.53E+03,1.67E+03,2.10E+03,37,
JS572,,9.26E+11,5.11E+03,2.03E+03,3.57E+03,57,
JS571,,1.41E+12,8.21E+03,1.08E+03,4.65E+03,91,
JS570,,8.55E+11,4.92E+03,3.13E+03,4.03E+03,61,
JS569,,1.48E+12,TBD,3.28E+03,3.28E+03,66,
JS568,,Not conducting ,Not conducting ,Not conducting ,Not conducting ,Not conducting ,
JS567,,Not conducting ,Not conducting ,Not conducting ,Not conducting ,Not conducting ,
JS566,,Not conducting ,Not conducting ,Not conducting ,Not conducting ,Not conducting ,
JS565,,Not conducting ,Not conducting ,Not conducting ,Not conducting ,Not conducting ,
JS564,,Not conducting ,Not conducting ,Not conducting ,Not conducting ,Not conducting ,
JS563,,Not conducting ,Not conducting ,Not conducting ,Not conducting ,Not conducting ,
JS562,,Not conducting ,Not conducting ,Not conducting ,Not conducting ,Not conducting ,
JS561,,Not conducting ,Not conducting ,Not conducting ,Not conducting ,Not conducting ,
JS560,,Not conducting ,Not conducting ,Not conducting ,Not conducting ,Not conducting ,
JS559,,Not conducting ,Not conducting ,Not conducting ,Not conducting ,Not conducting ,
JS558,,Not conducting ,Not conducting ,Not conducting ,Not conducting ,Not conducting ,
JS557,,Not conducting ,Not conducting ,Not conducting ,Not conducting ,Not conducting ,
JS556,,Not conducting ,Not conducting ,Not conducting ,Not conducting ,Not conducting ,
JS555,,,,,,0,
JS554,,Not conducting ,Not conducting ,Not conducting ,Not conducting ,Not conducting ,
JS553,,Not conducting ,Not conducting ,Not conducting ,Not conducting ,Not conducting ,
JS552,,Not conducting ,Not conducting ,Not conducting ,Not conducting ,Not conducting ,
JS551,,Not conducting ,Not conducting ,Not conducting ,Not conducting ,Not conducting ,
JS550,,Not conducting ,Not conducting ,Not conducting ,Not conducting ,Not conducting ,
JS549,,Not conducting ,Not conducting ,Not conducting ,Not conducting ,Not conducting ,
JS548,,2.03E+12,2.68E+03,6.12E+03,4.40E+03,103,
JS547,,5.98E+11,3.58E+03,3.03E+03,3.31E+03,42,
JS546,,Not conducting ,Not conducting ,Not conducting ,Not conducting ,Not conducting ,
JS545,,Not conducting ,Not conducting ,Not conducting ,Not conducting ,Not conducting ,
JS544,,7.66E+11,5.13E+03,5.24E+03,5.19E+03,75,
JS543,,8.25E+11,5.01E+03,4.65E+03,4.83E+03,72,
JS542,,Not conducting ,Not conducting ,Not conducting ,Not conducting ,Not conducting ,
JS541,,Not conducting ,Not conducting ,Not conducting ,Not conducting ,Not conducting ,
JS540,,Not conducting ,Not conducting ,Not conducting ,Not conducting ,Not conducting ,
JS539,,Not conducting ,Not conducting ,Not conducting ,Not conducting ,Not conducting ,
JS538,,1.32E+12,3.10E+03,2.44E+02,1.67E+03,32,
JS537,,1.99E+12,1.30E+03,2.43E+03,1.87E+03,43,
JS536,,4.59E+11,2.24E+03,3.03E+03,2.64E+03,29,
JS535,,Not conducting ,Not conducting ,Not conducting ,Not conducting ,Not conducting ,
JS534,,Not conducting ,Not conducting ,Not conducting ,Not conducting ,Not conducting ,
JS533,,4.26E+11,2.54E+03,2.69E+03,2.62E+03,28,
JS532,,7.86E+11,4.79E+03,5.88E+03,5.34E+03,78,
JS531,,1.55E+12,4.31E+03,6.62E+03,5.47E+03,112,
JS530,,2.91E+12,2.98E+03,1.15E+04,7.24E+03,204,
JS529,,2.59E+12,3.61E+03,9.58E+03,6.60E+03,175,
JS528,,1.44E+12,6.83E+03,5.99E+03,6.41E+03,127,
JS527,,7.44E+11,2.75E+03,5.60E+03,4.18E+03,59,
JS526,,Not conducting ,Not conducting ,Not conducting ,Not conducting ,Not conducting ,
JS525,,4.29E+11,1.77E+03,2.21E+03,1.99E+03,22,
JS524,,5.41E+11,3.12E+03,3.47E+03,3.30E+03,40,
JS523,,Not conducting ,Not conducting ,Not conducting ,Not conducting ,Not conducting ,
JS522,,Not conducting ,Not conducting ,Not conducting ,Not conducting ,Not conducting ,
JS521,,Not conducting ,Not conducting ,Not conducting ,Not conducting ,Not conducting ,
JS520,,Not conducting ,Not conducting ,Not conducting ,Not conducting ,Not conducting ,
JS519,,3.27E+11,4.51E+03,3.90E+03,4.21E+03,40,
JS518,,Not conducting ,Not conducting ,Not conducting ,Not conducting ,Not conducting ,
JS517,,3.93E+11,5.56E+03,2.88E+04,1.72E+04,178,
JS516,,3.16E+11,2.94E+03,3.62E+03,3.28E+03,30,
JS515,,1.25E+12,7.22E+03,2.28E+03,4.75E+03,88,
JS514,,3.62E+11,3.53E+03,7.97E+03,5.75E+03,57,
JS513,,4.70E+12,6.05E+03,2.33E+02,3.14E+03,112,
JS512,,2.84E+11,5.09E+03,3.13E+03,4.11E+03,36,
JS511,,4.86E+11,7.80E+03,6.83E+03,7.32E+03,84,
JS510,,6.25E+11,1.37E+04,1.24E+04,1.31E+04,170,
JS509,,Not conducting ,Not conducting ,Not conducting ,Not conducting ,Not conducting ,
JS508,,5.50E+11,1.31E+04,8.47E+03,1.08E+04,132,
JS507,,5.67E+11,1.67E+04,7.90E+03,1.23E+04,153,
JS506,,6.92E+11,1.75E+04,1.41E+04,1.58E+04,217,
JS505,,6.62E+11,1.10E+04,2.23E+04,1.67E+04,224,
JS504,,9.90E+11,3.86E+03,5.39E+03,4.63E+03,76,
JS503,,8.46E+11,2.56E+04,1.30E+04,1.93E+04,293,
JS502,,Not conducting ,Not conducting ,Not conducting ,Not conducting ,Not conducting ,
JS501,,6.88E+11,1.49E+04,8.80E+03,1.19E+04,162,
JS500,,6.01E+11,9.41E+03,8.73E+03,9.07E+03,116,
JS499,,7.56E+11,1.34E+04,1.21E+04,1.28E+04,183,
JS498,,8.91E+11,9.93E+03,9.14E+03,9.54E+03,149,
JS497,,1.06E+12,1.32E+04,1.72E+04,1.52E+04,258,
JS496,,9.01E+11,1.31E+04,8.10E+03,1.06E+04,166,
JS495,,1.18E+12,2.09E+04,8.59E+03,1.47E+04,264,
JS494,,1.16E+12,5.89E+03,3.55E+04,2.07E+04,368,
JS493,,1.38E+12,1.01E+04,8.23E+03,9.17E+03,178,
JS492,,9.16E+11,1.27E+04,9.52E+03,1.11E+04,175,
JS491,,1.17E+12,5.28E+03,8.00E+03,6.64E+03,119,
JS490,,1.11E-12,9.36E+03,7.71E-03,4.68E+03,0,
JS489,,1.53E+12,7.23E+03,4.06E+03,5.65E+03,115,
JS488,,Not conducting ,Not conducting ,Not conducting ,Not conducting ,Not conducting ,
JS487,,Not conducting ,Not conducting ,Not conducting ,Not conducting ,Not conducting ,
JS486,,Not conducting ,Not conducting ,Not conducting ,Not conducting ,Not conducting ,
JS485,,1.48E+12,8.48E+03,3.57E+03,6.03E+03,121,
JS484,,7.29E+11,1.13E+03,1.32E+03,1.23E+03,17,
JS483,,8.86E+11,7.97E+02,2.85E+03,1.82E+03,28,
JS482,,4.95E+11,4.57E+02,1.66E+03,1.06E+03,12,
JS481,,Not conducting ,Not conducting ,Not conducting ,Not conducting ,Not conducting ,
JS480,,2.97E+12,5.28E+01,3.88E+01,4.58E+01,1,
JS479,,Not conducting ,Not conducting ,Not conducting ,Not conducting ,Not conducting ,
JS478,,Not conducting ,Not conducting ,Not conducting ,Not conducting ,Not conducting ,
JS477,,6.84E+12,4.02E+02,1.07E+03,7.36E+02,32,
JS476,,3.86E+12,3.65E+03,2.97E+03,3.31E+03,107,
JS475,,5.71E+13,N/A,N/A,,0,
JS474,,6.31E+13,N/A,N/A,,0,
JS473,,Not conducting ,Not conducting ,Not conducting ,Not conducting ,Not conducting ,
JS472,,Not conducting ,Not conducting ,Not conducting ,Not conducting ,Not conducting ,
JS471,,1.21E+12,3.04E+02,1.18E+02,2.11E+02,4,
JS470,,1.64E+12,2.83E+01,2.94E+01,,0,
JS469,,Not conducting ,Not conducting ,Not conducting ,Not conducting ,Not conducting ,
JS468,,1.09E+12,5.18E+02,3.09E+03,1.80E+03,31,
JS467,,5.32E+12,2.03E+03,2.96E+02,1.16E+03,44,
JS466,,1.19E+14,-,-,,0,
JS465,,Not conducting ,Not conducting ,Not conducting ,Not conducting ,Not conducting ,
JS464,,Not conducting ,Not conducting ,Not conducting ,Not conducting ,Not conducting ,
JS463,,4.49E+12,1.53E+02,6.50E+02,4.02E+02,14,
JS462,,5.10E+12,1.16E+02,1.12E+02,1.14E+02,4,
JS461,,Not conducting ,Not conducting ,Not conducting ,Not conducting ,Not conducting ,
JS460,,Not conducting ,Not conducting ,Not conducting ,Not conducting ,Not conducting ,
JS459,,4.85E+11,1.80E+02,2.19E+03,1.19E+03,14,
JS458,,Not conducting ,Not conducting ,Not conducting ,Not conducting ,Not conducting ,
JS457,,Not conducting ,Not conducting ,Not conducting ,Not conducting ,Not conducting ,
JS456,,Not conducting ,Not conducting ,Not conducting ,Not conducting ,Not conducting ,
JS455,,Not conducting ,Not conducting ,Not conducting ,Not conducting ,Not conducting ,
JS454,,Not conducting ,Not conducting ,Not conducting ,Not conducting ,Not conducting ,
JS453,,Not conducting ,Not conducting ,Not conducting ,Not conducting ,Not conducting ,
JS452,,Not conducting ,Not conducting ,Not conducting ,Not conducting ,Not conducting ,
JS451,,Not conducting ,Not conducting ,Not conducting ,Not conducting ,Not conducting ,
JS450,,Not conducting ,Not conducting ,Not conducting ,Not conducting ,#VALUE!,
JS449,,Not conducting ,Not conducting ,Not conducting ,Not conducting ,#VALUE!,
JS448,,Not conducting ,Not conducting ,Not conducting ,Not conducting ,#VALUE!,
JS447,,Not conducting ,Not conducting ,Not conducting ,Not conducting ,Not conducting ,
JS446,,9.77E+11,7.38E+03,2.16E+03,,0,
JS445,,Not conducting ,Not conducting ,Not conducting ,Not conducting ,Not conducting ,
JS444,,4.79E+12,1.24E+02,1.13E+02,,0,
JS443,,Not conducting ,Not conducting ,Not conducting ,Not conducting ,Not conducting ,
JS442,,Not conducting ,Not conducting ,Not conducting ,Not conducting ,Not conducting ,
JS441,,Not conducting ,Not conducting ,Not conducting ,Not conducting ,Not conducting ,
JS440,,Not conducting ,Not conducting ,Not conducting ,Not conducting ,Not conducting ,
JS439,,Not conducting ,Not conducting ,Not conducting ,Not conducting ,Not conducting ,
JS438,,Not conducting ,Not conducting ,Not conducting ,Not conducting ,Not conducting ,
JS437,,Not conducting ,Not conducting ,Not conducting ,Not conducting ,Not conducting ,
JS436,,Not conducting ,Not conducting ,Not conducting ,Not conducting ,Not conducting ,
JS435,,Not conducting ,Not conducting ,Not conducting ,Not conducting ,Not conducting ,
JS434,,Not conducting ,Not conducting ,Not conducting ,Not conducting ,Not conducting ,
JS433,,Not conducting ,Not conducting ,Not conducting ,Not conducting ,Not conducting ,
JS432,,Not conducting ,Not conducting ,Not conducting ,Not conducting ,Not conducting ,
JS431,,Not conducting ,Not conducting ,Not conducting ,Not conducting ,Not conducting ,
JS430,,Not conducting ,Not conducting ,Not conducting ,Not conducting ,Not conducting ,
JS429,,Not conducting ,Not conducting ,Not conducting ,Not conducting ,Not conducting ,
JS428,,Not conducting ,Not conducting ,Not conducting ,Not conducting ,Not conducting ,
JS427,,Not conducting ,Not conducting ,Not conducting ,Not conducting ,Not conducting ,
JS426,,Not conducting ,Not conducting ,Not conducting ,Not conducting ,Not conducting ,
JS425,,Not conducting ,Not conducting ,Not conducting ,Not conducting ,Not conducting ,
JS424,,Not conducting ,Not conducting ,Not conducting ,Not conducting ,Not conducting ,
JS423,,Not conducting ,Not conducting ,Not conducting ,Not conducting ,Not conducting ,
JS422,,Not conducting ,Not conducting ,Not conducting ,Not conducting ,Not conducting ,
JS421,,Not conducting ,Not conducting ,Not conducting ,Not conducting ,Not conducting ,
JS420,,Not conducting ,Not conducting ,Not conducting ,Not conducting ,Not conducting ,
JS419,,Not conducting ,Not conducting ,Not conducting ,Not conducting ,Not conducting ,
JS418,,Not conducting ,Not conducting ,Not conducting ,Not conducting ,Not conducting ,
JS417,,2.06E+12,2.72E+03,1.83E+03,,0,
JS416,,Not conducting ,Not conducting ,Not conducting ,Not conducting ,Not conducting ,
JS415,,1.43E+12,3.45E+03,3.33E+03,,0,
JS414,,Not conducting ,Not conducting ,Not conducting ,Not conducting ,Not conducting ,
JS413,,8.00E+10,6.50E+01,?,,0,
JS412,,Not conducting ,Not conducting ,Not conducting ,Not conducting ,Not conducting ,
JS411,,Not conducting ,Not conducting ,Not conducting ,Not conducting ,Not conducting ,
JS410,,1.10E+12,2.24E+03,1.54E+03,,0,
JS409,,Not conducting ,Not conducting ,Not conducting ,Not conducting ,Not conducting ,
JS408,,Not conducting ,Not conducting ,Not conducting ,Not conducting ,Not conducting ,
JS407,,Not conducting ,Not conducting ,Not conducting ,Not conducting ,Not conducting ,
JS406,,Not conducting ,Not conducting ,Not conducting ,Not conducting ,Not conducting ,
JS405,,Not conducting ,Not conducting ,Not conducting ,Not conducting ,Not conducting ,
JS404,,4.99E+12,3.67E+02,1.44E+01,,0,
JS403,,Not conducting ,Not conducting ,Not conducting ,Not conducting ,Not conducting ,
JS402,,1.38E+12,1.03E+03,1.87E+03,,0,
JS401,,3.12E+12,6.39E+03,2.93E+02,3.34E+03,97,
JS400,,Not conducting ,Not conducting ,Not conducting ,Not conducting ,Not conducting ,
JS399,,3.72E+12,2.16E+03,3.84E+03,3.00E+03,95,
JS398,,Not conducting ,Not conducting ,Not conducting ,Not conducting ,Not conducting ,
JS397,,Not conducting ,Not conducting ,Not conducting ,Not conducting ,Not conducting ,
JS396,,Not conducting ,Not conducting ,Not conducting ,Not conducting ,Not conducting ,
JS395,,Not conducting ,Not conducting ,Not conducting ,Not conducting ,Not conducting ,
JS394,,Not conducting ,Not conducting ,Not conducting ,Not conducting ,Not conducting ,
JS393,,Not conducting ,Not conducting ,Not conducting ,Not conducting ,Not conducting ,
JS392,,2.87E+13,1.34E+03,1.36E+03,1.35E+03,119,
JS391,,Not conducting ,Not conducting ,Not conducting ,Not conducting ,Not conducting ,
JS390,,Not conducting ,Not conducting ,Not conducting ,Not conducting ,Not conducting ,
JS389,,Not conducting ,Not conducting ,Not conducting ,Not conducting ,Not conducting ,
JS388,,Not conducting ,Not conducting ,Not conducting ,Not conducting ,Not conducting ,
JS387,,Not conducting ,Not conducting ,Not conducting ,Not conducting ,Not conducting ,
JS386,,Not conducting ,Not conducting ,Not conducting ,Not conducting ,Not conducting ,
JS385,,7.81E+11,1.99E+03,1.31E+03,1.65E+03,24,
JS384,,1.34E+12,2.79E+03,1.71E+02,1.48E+03,28,
JS383,,6.24E+11,6.04E+03,8.01E+03,7.03E+03,92,
JS382,,-,1.17E+03,4.23E+03,2.70E+03,#VALUE!,
JS381,,9.91E+11,3.96E+03,1.35E+03,2.66E+03,44,
JS380,,2.58E+12,3.67E+02,7.30E+03,3.83E+03,102,
JS379,,8.95E+11,1.13E+03,1.23E+03,1.18E+03,18,
JS378,,Not conducting ,Not conducting ,Not conducting ,Not conducting ,Not conducting ,
JS377,,1.22E+12,4.93E+03,9.22E+03,7.08E+03,129,
JS376,,Not conducting ,Not conducting ,Not conducting ,Not conducting ,Not conducting ,
JS375,,9.34E+11,7.74E+03,TBD,7.74E+03,123,
JS374,,Not conducting ,Not conducting ,Not conducting ,Not conducting ,Not conducting ,
JS373,,3.59E+11,5.14E+02,3.38E+02,4.26E+02,4,
JS372,,Not conducting ,Not conducting ,Not conducting ,Not conducting ,Not conducting ,
JS371,,5.61E+11,1.11E+03,2.06E+03,1.59E+03,20,
JS370,,Not conducting ,Not conducting ,Not conducting ,Not conducting ,Not conducting ,
JS369,,Not conducting ,Not conducting ,Not conducting ,Not conducting ,Not conducting ,
JS368,,Not conducting ,Not conducting ,Not conducting ,Not conducting ,Not conducting ,
JS367,,Not conducting ,Not conducting ,Not conducting ,Not conducting ,Not conducting ,
JS366,,Not conducting ,Not conducting ,Not conducting ,Not conducting ,Not conducting ,
JS365,,Not conducting ,Not conducting ,Not conducting ,Not conducting ,Not conducting ,
JS364,,Not conducting ,Not conducting ,Not conducting ,Not conducting ,Not conducting ,
JS363,,Not conducting ,Not conducting ,Not conducting ,Not conducting ,Not conducting ,
JS362,,5.52E+11,5030,1290,3160,39,
JS361,,Not conducting ,Not conducting ,Not conducting ,Not conducting ,Not conducting ,
JS360,,Not conducting ,Not conducting ,Not conducting ,Not conducting ,Not conducting ,
JS359,,Not conducting ,Not conducting ,Not conducting ,Not conducting ,Not conducting ,
JS358,,Not conducting ,Not conducting ,Not conducting ,Not conducting ,Not conducting ,
JS357,,Not conducting ,Not conducting ,Not conducting ,Not conducting ,Not conducting ,
JS356,,Not conducting ,Not conducting ,Not conducting ,Not conducting ,Not conducting ,
JS355,,Not conducting ,Not conducting ,Not conducting ,Not conducting ,Not conducting ,
JS354,,Not conducting ,Not conducting ,Not conducting ,Not conducting ,Not conducting ,
JS353,,8.73E+12,3.49E+03,2.22E+02,1.86E+03,90,
JS352,,Not conducting ,Not conducting ,Not conducting ,Not conducting ,Not conducting ,
JS351,,Not conducting ,Not conducting ,Not conducting ,Not conducting ,Not conducting ,
JS350,,Not conducting ,Not conducting ,Not conducting ,Not conducting ,Not conducting ,
JS349,,Not conducting ,Not conducting ,Not conducting ,Not conducting ,Not conducting ,
JS348,,Not conducting ,Not conducting ,Not conducting ,Not conducting ,Not conducting ,
JS347,,Not conducting ,Not conducting ,Not conducting ,Not conducting ,Not conducting ,
JS346,,1.51E+11,4.68E+02,4.68E+02,4.68E+02,3,
JS345,,9.46E+11,4.07E+04,6.93E+02,2.07E+04,332,
JS344,,Not conducting ,Not conducting ,Not conducting ,Not conducting ,Not conducting ,
JS343,,Not conducting ,Not conducting ,Not conducting ,Not conducting ,Not conducting ,
JS342,,Not conducting ,Not conducting ,Not conducting ,Not conducting ,Not conducting ,
JS341,,9.46E+12,8.35E+03,6.56E+03,7.46E+03,378,
JS340,,Not conducting ,Not conducting ,Not conducting ,Not conducting ,Not conducting ,
JS339,,8.42E+12,4.51E+03,1.40E+04,9.26E+03,443,
JS338,,1.31E+13,5.07E+03,3.19E+03,4.13E+03,247,
JS337,,3.83E+12,8.39E+03,8.15E+03,8.27E+03,267,
JS336,,Not conducting ,Not conducting ,Not conducting ,Not conducting ,Not conducting ,
JS335,,Not conducting ,Not conducting ,Not conducting ,Not conducting ,Not conducting ,
JS334,,Not conducting ,Not conducting ,Not conducting ,Not conducting ,Not conducting ,
JS333,,7.83E+11,1.17E+04,1.62E+04,1.40E+04,204,
JS332,,7.36E+11,1.84E+03,5.44E+04,2.81E+04,398,
JS331,,Calibration ,Calibration ,Calibration ,Calibration ,Calibration ,
JS330,,Not conducting ,Not conducting ,Not conducting ,Not conducting ,Not conducting ,
JS329,,8.92E+11,1.61E+04,3.91E+03,1.00E+04,156,
JS328,,Not conducting ,Not conducting ,Not conducting ,Not conducting ,Not conducting ,
JS327,,Not conducting ,Not conducting ,Not conducting ,Not conducting ,Not conducting ,
JS326,,Calibration ,Calibration ,Calibration ,Calibration ,Calibration ,
JS325,,Calibration ,Calibration ,Calibration ,Calibration ,Calibration ,
JS324,,Not conducting ,Not conducting ,Not conducting ,Not conducting ,Not conducting ,
JS323,,Ga calibration ,Ga calibration ,Ga calibration ,Ga calibration ,Ga calibration ,
JS322,,Si nanowire ,Si nanowire ,Si nanowire ,Si nanowire ,Si nanowire ,
JS321,,Not conducting ,Not conducting ,Not conducting ,Not conducting ,Not conducting ,
JS320,,7.89E+11,1.13E+04,1.69E+04,1.41E+04,207,
JS319,,Not conducting ,Not conducting ,Not conducting ,Not conducting ,Not conducting ,
JS318,,8.92E+11,1.29E+04,1.29E+04,1.29E+04,201,
JS317,,Not conducting ,Not conducting ,Not conducting ,Not conducting ,Not conducting ,
JS316,,1.08E+12,1.32E+04,4.13E+03,8.67E+03,149,
JS315,,Not conducting ,Not conducting ,Not conducting ,Not conducting ,Not conducting ,
JS314,,Not conducting ,Not conducting ,Not conducting ,Not conducting ,Not conducting ,
JS313,,7.21E+11,1.22E+04,1.05E+04,1.14E+04,159,
JS312,,Not conducting ,Not conducting ,Not conducting ,Not conducting ,Not conducting ,
JS311,,9.83E+11,1.64E+04,8.61E+03,1.25E+04,205,
JS310,,8.65E+11,1.21E+04,1.40E+04,1.31E+04,200,
JS309,,8.34E+11,5.95E+03,1.68E+04,1.14E+04,171,
JS308,,1.08E+12,1.28E+04,1.23E+04,1.26E+04,215,
JS307,,9.08E+11,1.06E+04,1.22E+04,1.14E+04,179,
JS306,,Not conducting ,Not conducting ,Not conducting ,Not conducting ,Not conducting ,
JS305,,Not conducting ,Not conducting ,Not conducting ,Not conducting ,Not conducting ,
JS304,,1.58E+12,6.70E+03,2.56E+04,,0,
JS303,,Not conducting ,Not conducting ,Not conducting ,Not conducting ,Not conducting ,
JS302,,Not conducting ,Not conducting ,Not conducting ,Not conducting ,Not conducting ,
JS301,,1.91E+12,1.92E+04,5.62E+03,1.24E+04,283,
JS300,,6.23E+11,1.63E+04,1.03E+04,1.33E+04,173,
JS299,,1.28E+12,7.78E+03,6.65E+03,7.22E+03,135,
JS298,,2.09E+12,7.53E+03,1.56E+04,1.16E+04,276,
JS297,,1.56E+12,2.14E+04,4.88E+03,1.31E+04,271,
JS296,,9.50E+11,1.73E+04,9.36E+03,1.33E+04,214,
JS295,,1.42E+12,6.72E+03,1.67E+04,1.17E+04,230,
JS294,,1.18E+12,5.87E+03,1.07E+04,8.29E+03,148,
JS293,,Not conducting ,Not conducting ,Not conducting ,Not conducting ,Not conducting ,
JS291,,9.70E+11,1.10E+04,1.20E+04,1.15E+04,187,
JS287,,2.60E+12,5.00E+03,9.50E+03,7.25E+03,193,
JS286 - CDI 503,,Not conducting ,Not conducting ,Not conducting ,Not conducting ,Not conducting ,
JS285,,1.80E+12,6.30E+03,9.00E+03,7.65E+03,169,
JS284,,Not conducting ,Not conducting ,Not conducting ,Not conducting ,Not conducting ,
JS283,,Not conducting ,Not conducting ,Not conducting ,Not conducting ,Not conducting ,
JS282,,Not conducting ,Not conducting ,Not conducting ,Not conducting ,Not conducting ,
JS281,,Not conducting ,Not conducting ,Not conducting ,Not conducting ,Not conducting ,
JS280,,Not conducting ,Not conducting ,Not conducting ,Not conducting ,Not conducting ,
JS279,,Not conducting ,Not conducting ,Not conducting ,Not conducting ,Not conducting ,
JS278,,Not conducting ,Not conducting ,Not conducting ,Not conducting ,Not conducting ,
JS277,,Not conducting ,Not conducting ,Not conducting ,Not conducting ,Not conducting ,
JS276,,Not conducting ,Not conducting ,Not conducting ,Not conducting ,Not conducting ,
JS275,,Not conducting ,Not conducting ,Not conducting ,Not conducting ,Not conducting ,
JS274,,Not conducting ,Not conducting ,Not conducting ,Not conducting ,Not conducting ,
JS273,,Not conducting ,Not conducting ,Not conducting ,Not conducting ,Not conducting ,
JS272,,Not conducting ,Not conducting ,Not conducting ,Not conducting ,Not conducting ,
JS271,,Not conducting ,Not conducting ,Not conducting ,Not conducting ,Not conducting ,
JS270,,Not conducting ,Not conducting ,Not conducting ,Not conducting ,Not conducting ,
JS269,,Not conducting ,Not conducting ,Not conducting ,Not conducting ,Not conducting ,
JS268,,Not conducting ,Not conducting ,Not conducting ,Not conducting ,Not conducting ,
JS267,,Not conducting ,Not conducting ,Not conducting ,Not conducting ,Not conducting ,
JS266,,Not conducting ,Not conducting ,Not conducting ,Not conducting ,Not conducting ,
JS265,,Not conducting ,Not conducting ,Not conducting ,Not conducting ,Not conducting ,
JS264,,1.60E+12,2.50E+03,1.00E+04,6.25E+03,130,
JS261,,8.70E+11,9.20E+02,5.10E+02,7.15E+02,11,
JS259,,6.90E+11,-1.30E+02,-2.30E+03,-1.22E+03,-17,
JS257,,8.70E+11,5.70E+03,8.70E+03,7.20E+03,111,
JS256C,,3.00E+11,7.00E+02,1.00E+03,8.50E+02,8,
JS256A,,3.60E+11,1.20E+03,1.30E+03,1.25E+03,12,
JS254,,4.30E+11,6.10E+03,3.20E+03,4.65E+03,50,
JS250B,,1.60E+12,3.90E+03,3.10E+03,3.50E+03,73,
JS250A,,9.90E+11,2.60E+03,2.10E+03,2.35E+03,39,
JS249A,,6.10E+11,-,7.00E+02,7.00E+02,9,
JS248B(annealed),,9.90E+11,1.10E+04,4.20E+03,7.60E+03,125,
JS248A,,6.90E+11,3.70E+03,8.10E+03,5.90E+03,81,
JS245A,,6.30E+11,7.65E+03,4.13E+03,5.89E+03,77,
JS244A,,6.30E+11,1.62E+04,2.45E+03,9.33E+03,122,
JS230,,8.90E+11,3.50E+03,1.40E+04,8.75E+03,136,
JS229,,8.00E+11,1.10E+04,1.50E+04,1.30E+04,192,
JS227,,7.40E+11,3.20E+03,3.50E+03,3.35E+03,48,
JS226C,,6.30E+12,1.50E+02,2.30E+02,1.90E+02,8,
JS226B,,3.60E+12,1.20E+03,5.20E+03,3.20E+03,100,
JS226A,,9.30E+11,4.70E+03,1.90E+04,1.19E+04,189,
JS225,,3.40E+12,8.70E+02,8.90E+02,8.80E+02,27,
JS224,,3.20E+11,4.00E+02,1.60E+03,1.00E+03,9,
JS218,,6.30E+11,2.10E+03,-,2.10E+03,28,
JS207,,8.20E+11,1.90E+03,1.20E+04,6.95E+03,104,
JS206,,1.60E+12,4.30E+02,6.70E+01,2.49E+02,5,
JS204,,2.80E+12,8.40E+03,1.10E+04,9.70E+03,268,
JS203,,9.50E+11,1.80E+04,6.70E+03,1.24E+04,199,
JS202,,1.20E+12,1.80E+04,7.70E+03,1.29E+04,232,
JS201,,2.20E+12,6.70E+03,1.60E+04,1.14E+04,278,
JS200,,1.10E+12,3.10E+03,1.10E+04,7.05E+03,122,
JS199,,1.00E+12,9.30E+04,4.70E+03,4.89E+04,806,
JS198,,1.00E+12,1.80E+04,5.40E+03,1.17E+04,193,
JS190,,8.50E+11,2.30E+03,6.20E+03,4.25E+03,65,
JS189,,4.00E-02,3.90E+03,6.80E+02,2.29E+03,0,
JS188D,,2.40E+12,6.00E+03,8.30E+02,3.42E+03,87,
JS188C,,1.20E+12,4.70E+02,9.20E+03,4.84E+03,87,
JS188A,,4.90E+11,3.30E+03,7.70E+02,2.04E+03,24,
JS186,,3.40E+11,2.10E+03,9.20E+02,1.51E+03,15,
JS185,,5.40E+12,1.60E+03,1.70E+03,1.65E+03,63,
JS184,,5.30E+11,6.50E+01,9.30E+01,7.90E+01,1,
JS183,,3.00E+12,1.70E+03,5.00E+03,3.35E+03,96,
JS149,,1.80E+13,2.60E+02,1.80E+02,2.20E+02,15,
,,2.50E+11,,,1.50E+04,124,